使用词汇,风险国家,类别
Trovie,美国,20
Cubot,美国,20
Versto,,20
Tuckit,,20
Kate,美国,20
Kayla,美国,20
Kalyn,美国,20
Kaline,美国,20
Lilley,美国,20
Curvo,美国,20
Rondo,美国,20
Orbito,美国,20
Halo,美国,20
Cubin,美国,20
Kubik,美国,20
Kubic,美国,20
Kubi,美国,20
Haines,美国,20
Hainex,美国,20
Farmic,美国,20
Nytor,,20
Custos,,20
Camila,,20
Prila,,20
Liry,,20
Mazie,,20
Aileas,,20
Melody,美国,20
Sotto,美国,20
Nestor,,20
Seline,,20
Simpo,美国,20
Linek,美国,20
Muzzi,美国,20
Minal,美国,20
Moda,美国,20
Nesto,美国,20
Waltz,美国,20
Lilli,美国,20
Tondo,美国,20
Tulipo,美国,20
Curvea,美国,20
Lilea,,20
Tidin,美国,20
Geomi,美国,20
Clene,,20
Kenex,美国,20
Warmu,美国,20
Farmvibe,美国,20
Henry,美国,20
Harry,美国,20
Baron,美国,20
Alan,美国,20
Kevin,美国,20
Keith,美国,20
Kurt,美国,20
Kaden,美国,20
Cervin,美国,20
Cason,美国,20
Giselle,美国,14
Gitta,美国,14
Georgia,美国,14
Leyna,美国,14
Lenna,美国,14
Leah,美国,14
Laura,美国,14
Lillian,美国,14
Layla,美国,14
Amelia,美国,14
Emily,美国,14
Flora,美国,14
Aileas,,14
Giane,美国,14
Glorea,美国,14
Ginna,美国,14
Gracia,美国,14
Gratia,美国,14
Gosia,,14
Gilla,美国,14
Geela,,14
Mirela,美国,14
Snugle,美国,20
Clawfy,,20
Purrl,美国,20
Cudle,美国,20
Flurry,美国,20
Bengie,美国,20
Corly,美国,20
Corlie,,20
Aios,,20
Setti,,20
Flufin,美国,20
Pawfie,美国,20
Pawlace,美国,20
Purlace,,20
Casole,,20
Corin,美国,20
Zane,,20
Gianna,美国,14
Gisella,,14
Gilda,美国,14
Gracia,美国,14
Gianne,美国,14
Karly,美国,14
